,rule1 count,rule1 motions,rule2 count,rule2 motions,rule3 count,rule3 motions
0,702,23089,711,23970,580,1352
1,6883,228515,12852,432530,9740,52179
2,1706,55312,4428,145952,1697,3688
3,1244,42088,1691,56846,14787,93613
4,10918,364417,540,18691,1098,2335
5,2346,77514,201,6860,360,828
6,3560,120964,3101,103804,5594,23442
7,1637,53958,951,30910,10957,54986
8,3876,129108,8339,278862,2215,4862
9,5628,187164,2413,80613,26012,212093
10,667,21945,544,17991,1003,2123
11,18774,634748,51,1847,137,250
12,9767,328683,12737,427183,1375,3002
13,393,12827,781,25730,891,1987
14,429,14122,189,6221,151,337
15,10669,356105,930,30954,1138,2573
16,961,32508,1130,38251,20026,117142
17,444,15001,202,6523,250,561
18,630,20739,327,10491,354,809
19,6716,224353,4165,139418,1949,4086
20,2193,71298,201,6934,354,797
21,1998,67310,6227,206893,4517,15450
22,3106,105924,2838,94167,20220,124860
23,6802,225741,9579,316298,4733,16525
24,2,27,464,15071,39,64
25,19559,653562,902,29612,1031,2271
26,721,23231,1166,38909,985,2167
27,4198,138798,4003,133561,6702,33530
28,186,5867,4577,151181,27132,185934
29,1365,45052,10534,355259,923,1994
30,2346,79620,6476,213989,4342,15576
31,19046,633938,10573,351184,10531,51544
32,6864,228543,6571,218685,12346,67121
33,144,4571,11970,399860,9218,47003
34,8740,290921,2905,96572,16107,102216
35,19766,661252,967,32279,615,1491
36,309,10097,3114,101770,2992,8057
37,23205,779080,9326,311836,9628,49548
38,2370,79710,1131,36997,20264,149389
39,1517,49938,479,15170,163,326
40,826,25568,4417,146723,4281,15167
41,13399,450354,8383,276718,13260,77406
42,1636,54128,480,16209,82,161
43,11006,364597,553,19012,887,1949
44,10583,353148,10848,361169,876,1848
45,1754,57707,117,3378,377,834
46,90,2651,1294,42458,12675,74261
47,2341,79104,938,31774,10749,59327
48,9315,313499,9520,319496,21534,153539
49,4017,134958,1924,64897,12231,76430
50,1489,49941,835,28027,1156,2456
51,9256,306959,9384,312484,6732,30040
52,165,5763,1079,35870,713,1636
53,14459,482660,1359,46241,14599,89743
54,18470,611738,18166,602361,273,652
55,2407,82261,917,29998,10376,54705
56,1320,43720,259,8679,116,216
57,12909,430769,6898,230952,9424,51608
58,14368,481156,1285,43029,1898,4025
59,10800,359752,804,27458,10280,60890
60,1385,46601,100,3065,122,229
61,876,28740,41,1257,284,597
62,8706,292747,1628,53847,1477,3265
63,2466,82007,434,14622,201,444
64,392,12765,135,4964,392,899
65,4322,144635,9643,319395,4312,15310
66,15213,506280,7061,235951,7501,38488
67,6225,207334,27096,905853,5841,26680
68,15083,499466,2932,96891,9615,54574
69,29701,995442,4902,162858,8516,45908
70,10664,360672,927,30030,1092,2342
71,7119,234153,4865,160298,2937,7676
72,981,32829,11306,377503,626,1449
73,1540,50828,10951,368622,1065,2351
74,23159,770065,1263,41743,11835,74394
75,80,2396,1169,39070,558,1374
76,2774,92280,3725,125885,7578,40466
77,4079,135729,6547,217968,23630,190839
78,104,3354,1896,62433,6607,30699
79,9953,332957,3988,134099,3033,8179
80,11926,398320,21142,709116,9309,46188
81,7103,239647,24718,822138,1245,2909
82,601,19720,6465,216602,12210,69725
83,12126,404075,4670,156683,1540,3366
84,7614,253705,10266,340384,2591,6162
85,76,2416,498,17286,372,771
86,2886,95316,2854,95511,3473,10679
87,26551,892725,5370,180786,5378,20607
88,1849,60911,80,2508,183,356
89,1455,47955,314,9882,321,636
90,6245,205619,1972,65123,23214,141320
91,3942,131993,4628,153938,11996,66901
92,17042,572943,11795,394662,15168,84597
93,2934,98050,11568,385653,8534,44073
94,1180,39374,506,17285,444,1030
95,720,24359,170,5608,362,708
96,8908,294044,11174,370986,2664,6330
97,137,4686,10855,356981,1029,2249
98,266,8937,1280,42961,4142,14188
99,4308,143823,4220,140694,1431,3124
100,1345,44713,533,17544,10593,57141
101,553,18409,489,16852,345,789
102,9749,323194,1491,48696,9323,51928
103,2468,81271,934,30905,910,1981
104,2477,83032,241,8285,18604,114557
105,2248,76017,391,12417,298,595
106,32,1221,35,1166,434,926
107,226,7171,852,28343,774,1712
108,514,17066,858,28613,1271,2804
109,21594,714909,6948,227943,1292,2897
110,4836,161229,13887,467061,12633,79853
111,652,20862,187,6452,45,79
112,6891,230205,6307,210541,1969,4213
113,15834,531794,8476,283144,2705,6494
114,4636,151918,4475,146678,1525,3233
115,9882,330667,1212,39733,1243,2665
116,13051,435413,1880,61945,24269,194676
117,2254,74788,15176,502213,5314,23466
118,6718,227902,17980,605380,1794,3799
119,954,32523,137,4409,242,567
120,465,15458,949,31370,1067,2279
121,3298,110825,2646,87821,4765,17892
122,1275,42531,981,32512,10601,56109
123,1485,49574,804,27108,1166,2405
124,1454,48336,536,17847,569,1434
125,380,12239,10418,345730,19207,131805
126,24348,814142,3607,118346,2445,5390
127,15188,504420,21402,713863,1521,3259
128,10879,359583,1146,38953,584,1408
129,5460,180734,4884,161584,5670,23042
130,2410,81796,827,27949,701,1618
131,1590,53143,855,28271,10923,57964
132,3867,130014,3578,118917,7608,39155
133,4329,143806,6436,213482,6296,28747
134,14550,484217,21149,702804,1945,4045
135,1345,44065,209,6391,1,0
136,1467,49396,6832,230327,4236,16038
137,10276,335902,10764,358934,586,1432
138,11809,394501,1509,50438,1310,2847
139,2422,81219,485,15679,511,1252
140,15885,528558,5820,193483,36293,280315
141,47786,1582406,13660,453608,16121,117571
142,1616,54241,15,470,161,322
143,1745,59261,2008,66660,1876,3904
144,10512,342023,1046,35673,29266,219912
145,7734,258126,2404,79645,2366,5112
146,1656,55461,881,29522,876,1923
147,8456,282148,3485,116623,3671,11840
148,5380,179229,3876,129285,2415,5292
149,1485,49040,609,20086,1180,2513
150,23264,774573,1550,52471,1904,3918
151,1109,37511,10808,359149,10863,63405
152,1273,42111,14785,487807,1880,4058
153,695,23024,681,22406,693,1624
154,1994,66115,18785,623623,10,15
155,8976,301692,9387,317920,9082,49540
156,2115,69941,454,15964,281,584
157,10660,356512,1199,39935,10930,60039
158,137,4526,280,9264,260,515
159,1354,45638,224,7493,152,304
160,6692,223728,15000,502810,4233,15281
161,14764,502169,12130,407427,6676,30118
162,12374,409821,6693,222286,1452,3080
163,473,16247,534,18646,10238,55794
164,955,32022,4220,140653,1233,2853
165,28851,963761,1185,38457,10282,53963
166,2499,84468,372,12289,35,66
167,21755,723339,8165,271696,15974,104875
168,2234,74174,141,4618,424,1003
169,570,18466,1037,34534,11013,67774
170,1646,54375,86,2598,113,257
171,2583,86081,2871,96863,4875,18132
172,18639,626062,1579,53294,7281,34263
173,4143,137143,1769,59787,1829,3918
174,1347,44906,1,0,200,395
175,11074,369688,659,21829,10635,57699
176,2452,82571,259,8481,289,606
177,175,5674,85,2847,201,412
178,4409,147915,4338,141767,7002,32474
179,18091,609112,242,8426,459,1095
180,9519,317936,6591,219808,1291,2924
181,208,6825,1563,53230,4158,14957
182,1811,60797,4397,145311,1994,4284
183,10760,359599,1237,41528,10947,58405
184,7512,252465,5004,167004,16217,96110
185,4443,147384,1786,58294,4291,16378
186,1924,63856,750,24644,38960,315587
187,3619,121096,10140,339828,22409,165414
188,3373,110923,3258,108635,32524,274412
189,4533,150918,14068,463972,27523,186326
190,2358,79553,269,8820,389,901
191,1275,41460,595,19913,530,1392
192,7160,238420,7718,256356,9815,59865
193,565,18460,390,12815,378,800
194,1713,57907,999,33096,747,1708
195,1488,48699,729,23941,9852,60743
196,2263,75762,960,31069,943,2008
197,28950,963207,563,19401,10320,64804
198,930,31034,797,26839,1010,2183
199,2025,67174,7137,234484,14771,88725
200,4365,144884,1672,53740,1587,3359
201,3413,114402,2748,90031,8213,45055
202,2172,72945,1089,36473,849,1913
203,4305,144381,6423,215362,4239,14301
204,12373,413037,4287,143674,1680,3617
205,6600,220072,13999,462694,1825,3830
206,12051,400437,4546,150095,4230,15165
207,1353,44480,380,13197,266,565
208,1706,57515,294,9996,299,655
209,35638,1182798,374,12003,240,468
210,12914,427884,2542,82551,3116,8936
211,10377,347269,10210,339108,10251,54727
212,1560,52014,189,6194,485,1128
213,1626,54099,37901,1267746,648,1493
214,713,22934,1534,51150,4066,13980
215,2056,68568,103,3572,49,88
216,1216,41660,426,14191,249,492
217,1886,62610,423,13959,120,249
218,188,6467,22626,751823,3273,9672
219,944,31008,10089,336444,965,2057
220,10984,366998,677,22921,1105,2342
221,15157,508116,6768,226069,4161,15485
222,2348,79151,1211,39907,1024,2211
223,2181,72264,7,220,471,1082
224,1038,35214,12897,427654,1449,3163
225,25972,873285,14583,490333,4589,17409
226,1551,51254,21153,702472,9160,47612
227,3606,119873,4869,162583,2362,5314
228,492,16710,335,11628,103,241
229,1577,51393,64,2212,348,778
230,1020,33555,9275,309704,1726,3660
231,1916,63197,2397,80261,5584,23234
232,1875,61749,1476,48503,26344,245735
233,4573,152661,1994,66075,6614,28902
234,2127,71380,322,10968,208,436
235,603,19957,11039,367557,624,1440
236,793,26227,386,13266,268,563
237,9653,324032,1719,56538,4033,14328
238,2329,77418,243,7931,324,718
239,10667,352941,663,22189,738,1664
240,3846,128815,7225,242304,15680,87112
241,6850,228437,6894,227927,9588,51372
242,5010,166550,2650,88904,2036,4403
243,304,10091,28,842,108,221
244,1564,52439,377,12384,277,607
245,20351,682111,16396,545335,5002,18112
246,1785,59416,954,31719,581,1363
247,2417,79644,570,18904,683,1536
248,3491,117427,3843,129059,27379,217665
249,10546,349112,730,24802,657,1574
250,957,31433,394,12659,88,199
251,25295,849418,2572,85282,2434,5291
252,861,29154,10631,350384,530,1325
253,12620,418571,1344,44733,1460,3253
254,642,21843,125,4177,34,73
255,2099,69170,42070,1407585,9907,51957
256,9680,327511,4144,139100,9527,54549
257,10305,346930,764,24723,538,1308
258,6536,216629,12630,420105,1697,3586
259,18621,607571,140,4950,400,858
260,2244,75825,10929,361467,709,1571
261,1906,63766,1195,39289,550,1336
262,1634,53768,1283,42955,17623,136539
263,6850,224887,1491,50097,7112,34679
264,1212,41089,559,18272,1173,2499
265,866,28775,72,2368,32,56
266,5699,190280,2203,72326,5153,19863
267,9214,305177,1928,64371,1938,4063
268,9634,320230,6929,229614,4316,14782
269,52,1689,19577,647559,180,360
270,8691,290530,8347,279378,3846,12998
271,9999,334538,10039,338660,1010,2147
272,115,3587,18975,628040,287,635
273,417,14909,11022,370303,1124,2469
274,825,28053,1165,38652,579,1356
275,1686,56546,13483,447501,5614,24184
276,1738,57870,18958,633637,10558,53305
277,33067,1099566,25078,838084,4521,16263
278,319,10350,830,28158,661,1528
279,17606,594700,4452,150954,9437,48301
280,13882,455526,12069,400565,14497,88723
281,5487,182463,5471,181799,9924,58092
282,1519,50758,95,3235,156,332
283,309,10429,1404,46737,4631,16344
284,771,25262,87,3064,124,231
285,437,14626,369,12771,328,685
286,9971,332799,749,25546,10534,57131
287,29427,976253,972,33215,1086,2329
288,2462,80655,1426,47933,1458,3225
289,10811,360665,868,29271,911,1986
290,10928,360987,671,21977,1150,2472
291,6331,210593,4049,134228,8787,49562
292,6155,203883,7880,265714,6172,26670
293,2370,78759,655,21825,1190,2579
294,589,19706,9683,319192,9769,50327
295,29639,985009,537,18175,602,1449
296,9146,307181,26982,903102,4368,15214
297,1410,48000,537,17319,634,1488
298,7075,237991,1370,45388,9586,51516
299,454,14834,987,33140,791,1778
300,209,6824,390,13182,499,1264
301,4720,158909,1362,43978,4694,16839
302,1744,57776,1316,43497,12561,68348
303,1827,60613,339,11446,111,231
304,11580,386955,2042,68744,5318,20974
305,247,8345,10616,353594,1204,2578
306,602,20105,16938,565057,21839,164625
307,23751,800856,12638,425565,1507,3245
308,1478,49270,2048,68164,2678,6290
309,224,7576,19461,643437,1186,2637
310,1972,66231,1131,37087,893,1982
311,1422,47601,12085,399653,3953,13776
312,32131,1077928,12142,409100,6848,30443
313,2391,80758,6861,229391,4796,17475
314,4421,147579,9748,325610,1794,3810
315,10638,351273,578,19010,1122,2490
316,13445,448417,2499,83435,10381,56214
317,5997,201163,4008,132716,3180,8994
318,10576,354202,502,16245,10827,65247
319,5898,194608,5751,190035,7994,42089
320,1850,61887,1234,41410,1088,2352
321,17272,581240,14351,480126,1672,3524
322,2026,67927,10605,354933,989,2231
323,99,3430,91,3041,67,141
324,16853,561845,12220,405987,1721,3700
325,209,7089,568,18529,1273,2668
326,6650,226225,4165,139683,13886,87342
327,413,13793,2343,76876,2762,6998
328,5987,200505,30161,1005807,3026,8315
329,2183,71973,31601,1040264,4473,16481
330,5113,168267,11141,371759,6103,27718
331,4345,144456,4560,151317,1256,2811
332,1509,50486,153,5348,206,438
333,957,30932,9007,300882,17181,114369
334,7950,266697,5656,187580,10078,61783
335,309,10347,355,12170,18857,120016
336,625,20473,417,13515,164,346
337,1820,60554,787,26336,10379,52203
338,137,4139,26685,890118,1309,2903
339,9634,326850,7159,239371,1891,4079
340,13451,451832,5147,172960,17266,113960
341,5261,175087,6162,207283,8541,46481
342,5014,166536,7780,259214,20626,133644
343,9584,314099,6930,230099,14490,84606
344,18029,596433,17782,589835,466,1023
345,1934,64256,651,21655,1133,2500
346,6498,219289,12438,419513,1484,3162
347,3259,108675,2635,88145,4818,18127
348,2223,74096,393,13034,315,696
349,1413,47115,19522,655022,1212,2674
350,10384,347739,957,31805,1185,2638
351,1853,61399,1075,35293,656,1487
352,7861,263004,3686,122371,2672,6452
353,17935,593946,17468,576190,1431,3199
354,11604,387337,7267,243312,3741,11980
355,1881,63349,11182,368758,5410,21904
356,873,29064,81,2558,246,548
357,25980,858273,12357,411176,4374,14758
358,24117,811882,5013,169230,3166,9022
359,5877,197109,13439,450020,2178,4766
360,430,14471,10211,339891,808,1806
361,1712,55981,10661,351958,781,1796
362,16785,550947,4362,142721,4215,15357
363,716,24326,97,3510,206,437
364,4569,152150,4221,139704,4152,15002
365,22,839,1176,38590,796,1793
366,1540,50436,10295,345517,1147,2424
367,7118,239287,9904,330664,3933,14188
368,297,10104,481,16226,1,0
369,11169,372043,22942,755062,4973,17568
370,919,30421,873,28965,20204,132881
371,6350,212040,1928,63609,1685,3596
372,1367,45977,1598,52732,1491,3258
373,14519,479790,4248,142520,4382,15331
374,3366,112230,16382,543236,3845,13205
375,1266,41102,1009,33746,771,1706
376,18385,614891,318,10756,219,436
377,2863,96128,4030,137266,19001,138079
378,4638,157516,6292,208101,4678,16558
379,1919,62507,18944,624351,482,1144
380,4579,152499,6466,215322,4310,14819
381,10053,330196,13375,439807,6107,28501
382,1293,42645,108,3617,486,1153
383,25593,855647,12009,400078,9218,48191
384,4657,155298,1472,49772,75520,652172
385,2627,87530,8366,281601,3567,11998
386,6529,219559,15298,505725,4325,15582
387,10739,354513,10375,346294,29119,236268
388,2314,77804,1733,58389,9359,49117
389,26334,884200,4123,135793,12972,74110
390,4384,145846,1362,44884,1390,3019
391,25140,833819,6055,203131,1978,4151
392,2099,69755,136,4362,18378,111942
393,875,29916,55,1805,457,952
394,1163,37871,459,15414,191,382
395,28,961,120,4125,379,808
396,9475,319807,4572,152727,17754,111408
397,37569,1256758,19496,652427,28501,197005
398,461,15436,1239,41883,1051,2178
399,155,5190,161,5370,6,9
400,4362,146076,20884,691608,9178,50973
401,5047,168724,9016,298231,2009,4411
402,1944,64734,461,15221,40,76
403,10728,352346,19737,652753,10694,59795
404,852,28471,1479,49169,1687,3565
405,1455,49366,4292,145089,4178,13945
406,14458,479639,6789,225603,1621,3438
407,18358,604298,15377,508505,15332,92050
408,29478,986923,658,21276,926,2040
409,1192,39083,1697,57250,6748,29935
410,8927,296652,1540,49828,6759,30360
411,5405,178924,34080,1126674,8306,42022
412,1413,47732,11900,400571,1438,3085
413,2602,86629,2794,93515,7993,42717
414,2143,71918,12619,413600,1811,3887
415,1008,34520,131,4223,8,12
416,10655,352168,10195,337437,1079,2244
417,845,27883,25,799,13,22
418,11100,368439,1085,34849,1028,2278
419,936,31109,424,14573,430,932
420,912,30664,1971,65721,1847,3938
421,10556,354281,915,30122,1133,2560
422,860,28863,18650,626692,18579,121537
423,1183,40707,566,19228,20369,139067
424,1561,52136,11183,374060,877,1946
425,1121,37478,1875,61452,12298,64177
426,4847,161873,9936,333344,9550,56724
427,8795,293976,3884,131077,18608,103845
428,469,15224,1204,40164,1067,2291
429,6769,222725,1922,63616,1873,3931
430,1407,47399,18656,619483,1172,2478
431,30206,1008828,11993,400329,2082,4454
432,20593,685695,1190,39563,1189,2522
433,664,22525,28030,935705,1484,3228
434,4467,148114,17451,588526,12312,67926
435,1471,51184,274,9361,256,541
436,13501,444882,14248,469157,3399,10344
437,9662,319570,4492,150400,4640,16750
438,3036,102713,2401,79992,13236,81218
439,1145,37847,518,17592,817,1876
440,14836,496796,4348,146627,4107,14746
441,221,7691,707,22948,889,2030
442,19054,639202,641,21095,527,1266
443,16542,547899,5964,195175,9094,54866
444,14868,497209,1648,55093,15190,84255
445,1792,60912,9099,301880,9143,46929
446,1580,52993,948,32260,915,1990
447,365,12175,1149,37734,10768,63041
448,1275,41966,201,6419,285,590
449,17704,586035,28004,933949,12361,65562
450,4113,136103,4659,153876,6302,29915
451,1176,39206,135,4635,193,386
452,859,28929,697,22620,10921,57497
453,409,13025,435,14492,188,366
454,30612,1009998,8696,288687,1471,3216
455,10489,343701,1159,38733,10421,59604
456,2008,66813,115,3988,22,43
457,10981,368776,698,23325,897,1991
458,308,9338,566,18800,647,1483
459,652,21490,29102,972354,1421,3219
460,6703,222948,17208,575808,1341,2936
461,2505,82949,3265,109445,3535,11893
462,440,14938,583,18831,911,1908
463,352,11555,10342,346241,833,1793
464,1368,44963,265,8340,415,974
465,1565,53541,846,28360,623,1469
466,18840,622569,209,7363,444,975
467,3086,103062,8741,297509,2433,5481
468,275,9298,1475,49871,12837,70672
469,1585,53315,389,12401,377,837
470,931,30791,8,190,244,510
471,2773,92175,2017,67657,27107,186645
472,641,21000,10454,347446,659,1531
473,9500,315111,4564,149016,1734,3621
474,19382,645604,888,29615,19696,135552
475,1887,64270,1487,50083,9339,51851
476,4174,139747,26085,875635,9767,53906
477,988,33001,266,8375,454,1036
478,9404,312060,1904,63093,20513,127148
479,529,17826,945,31966,10539,62689
480,594,19898,10566,347430,1058,2294
481,2194,74504,1217,39900,10578,62130
482,817,26502,3996,135183,40253,351298
483,2019,67513,436,14432,49,88
484,284,9770,395,13081,325,729
485,6848,227729,15250,513317,4771,17118
486,466,15522,952,31472,745,1680
487,13232,440529,5378,178376,6139,28553
488,661,23088,380,12350,241,504
489,23853,794163,1435,48087,4408,15883
490,10454,349001,657,21340,785,1783
491,13918,460109,6839,226314,1875,3950
492,2234,75563,612,20768,861,1890
493,9206,308057,7858,261045,2414,5228
494,10662,354239,10844,362878,10705,56481
495,4886,162253,30396,1009448,2585,6024
496,1642,54299,406,13858,228,474
497,10324,340211,696,22318,10897,55004
498,128,4375,9208,307379,17798,121338
499,7859,260902,11376,376495,2591,6051
500,10283,342297,1136,38502,676,1640
501,12164,403438,4300,145512,9333,55083
502,28503,949064,965,32318,10079,58632
503,482,15749,7,160,162,322
504,377,12716,278,9292,66,147
505,448,14921,20014,665634,10507,58579
506,12377,413602,1848,62399,1331,2911
507,2032,68495,9322,314165,12637,73910
508,10676,350974,544,18249,1169,2551
509,17127,571076,6686,222743,25594,182091
510,26249,875587,9598,319558,9687,50794
511,10296,340995,8557,285608,13055,78078
512,18458,620360,374,12140,256,566
513,4708,156900,1620,53450,6397,27345
514,1207,39451,1040,34762,758,1717
515,1221,40777,10335,348625,10693,57742
516,1807,60291,409,13742,82,156
517,6771,227728,1746,58370,1281,2881
518,3288,107735,6179,204663,3768,12543
519,10420,345126,1007,32880,1093,2322
520,10273,344469,701,23487,627,1421
521,6766,223178,4156,138308,6550,29283
522,1256,42026,4269,142525,1395,3011
523,3139,105355,7928,266345,8238,39206
524,1737,56732,894,28993,10091,53949
525,2268,74653,702,23249,632,1448
526,9259,305183,1500,51155,1727,3674
527,943,31798,1616,53627,1422,3107
528,1121,37498,157,5178,449,964
529,609,20198,25,782,245,516
530,544,17353,427,14867,427,1014
531,1641,55182,10978,363298,814,1824
532,6045,202717,16737,556310,3280,9464
533,4064,134509,30977,1024789,4538,17415
534,1392,47321,1161,38317,10902,60087
535,21573,723758,3804,126003,20025,138103
536,6594,221912,17470,588092,4620,16503
537,1212,40684,1138,37501,1174,2643
538,9936,335961,6930,230848,7118,36475
539,1233,40463,6292,209419,14628,86711
540,2392,79053,8842,287922,11662,62479
541,9733,320533,4702,156077,27580,236795
542,7167,236162,2592,85975,3741,11827
543,1046,34601,351,11166,68,147
544,111,3605,6513,214174,4510,15940
545,49243,1634245,489,15913,487,1192
546,227,7326,931,30514,846,1796
547,1310,44000,1896,62466,1454,3187
548,11692,389145,8216,270965,5183,19398
549,210,7205,653,21294,10662,52259
550,2436,81380,11119,368316,13045,70578
551,23349,778001,2231,75434,14035,84390
552,629,21180,637,21378,841,1779
553,2286,76181,1145,38078,538,1267
554,9050,301487,2084,70135,33696,302209
555,1203,40740,93,3349,443,985
556,1126,37682,18174,606108,5376,21629
557,2373,79439,866,28591,10243,58157
558,9116,308611,12345,416239,4523,15887
559,1191,39128,416,13807,469,1162
560,7805,259702,3260,107862,2924,7753
561,13080,433145,3824,126589,4804,17287
562,2933,98303,5355,177546,5436,22581
563,2250,75379,1152,38677,567,1362
564,16325,549216,10113,339664,3122,8600
565,4111,137124,13929,468499,1929,4147
566,11023,363669,1055,34644,949,2095
567,523,17953,1133,38293,20565,133105
568,1106,36917,46597,1565944,10725,57590
569,6558,219320,12872,426180,1728,3756
570,411,13776,1846,61521,9230,52433
571,621,20063,408,13507,237,489
572,24890,832148,26766,888967,6959,33537
573,5864,194632,10961,364913,17714,136016
574,35349,1185120,8429,285476,11707,67779
575,1706,56604,629,20807,1168,2485
576,11128,371235,11222,374010,1108,2349
577,676,22572,203,6751,390,822
578,1176,38507,187,6472,204,441
579,4205,138882,1646,54358,4264,14604
580,9118,301081,1941,65636,17341,107497
581,2912,97618,5122,172576,8109,38601
582,38640,1304129,19833,668882,1075,2289
583,8171,269504,3706,122980,5150,21038
584,2725,90657,5592,184818,2739,6779
585,116,3689,10497,349852,894,1961
586,4124,136974,22973,763112,3974,13600
587,19732,654046,855,27251,10873,63065
588,16136,536832,15745,524480,7266,32798
589,38,1188,3258,109912,13567,93116
590,4132,138088,1739,57674,1292,2876
591,25755,862246,12026,402179,6827,29894
592,9359,313900,17204,570061,20941,155036
593,4770,159781,1624,55025,21145,152746
594,1505,49520,19762,658759,10406,58530
595,1792,60268,1164,38525,972,2085
596,2361,77585,18331,615257,1,0
597,4121,137657,1950,66097,1650,3491
598,2074,68775,369,12191,171,342
599,1346,44793,405,13741,211,475
600,8657,283952,5378,178879,3885,13368
601,1174,39946,1513,51000,1804,3831
602,20594,682577,9020,298001,6896,29872
603,15567,521659,3605,120917,3870,12989
604,185,6280,23,622,270,535
605,2940,98778,5354,179824,7098,30950
606,1586,52818,747,24341,18908,114036
607,27721,915182,4099,135948,8930,43751
608,4091,136415,1748,58030,6911,32892
609,19014,629165,10202,336811,10340,57477
610,907,29644,145,4808,161,330
611,10709,361009,10533,353848,1227,2572
612,18149,607243,15196,506644,6761,34671
613,6942,231107,6404,211244,12657,76053
614,17512,584125,9213,306625,14935,84079
615,813,27248,274,9312,334,753
616,4537,151969,1930,63473,9326,50339
617,14595,483286,4101,135827,9378,47566
618,6218,208737,2016,66444,12272,74547
619,1132,37293,1105,36883,579,1380
620,482,16146,2404,79460,5131,19630
621,2202,71909,6671,220550,1877,3925
622,5460,181514,2245,74387,3277,9481
623,3401,112544,2369,80578,13889,79412
624,15845,526867,2936,98427,45987,401282
625,2086,70380,19033,635137,50,95
626,12459,412650,3142,104152,2193,4696
627,2391,78344,506,16892,1,0
628,60,2171,313,10302,375,802
629,559,17949,11026,374370,961,2098
630,129,4531,400,13616,35,52
631,2245,74144,206,6659,432,940
632,1446,47414,1156,38641,511,1249
633,10523,354729,10965,365376,11022,59613
634,583,19528,505,16876,442,1011
635,4040,134892,1339,43882,6862,33313
636,7767,257875,11872,393086,5700,23175
637,18755,619480,1032,34067,647,1496
638,5234,175621,3634,120702,3694,12735
639,347,11344,916,30692,632,1518
640,10377,349432,10241,345612,754,1743
641,2850,93352,20250,679082,3202,9253
642,18575,627270,114,3849,235,474
643,18144,600134,393,12651,18258,133657
644,4778,159945,1766,58961,12456,76889
645,1414,46514,1160,38518,884,1900
646,43771,1459962,6665,223064,1642,3591
647,382,12719,8883,294987,6222,28108
648,12470,412850,12263,403404,14409,93248
649,4280,142399,4408,145715,1488,3190
650,119,3894,25421,851508,1348,2934
651,6558,220726,1276,42538,1769,3754
652,1532,51379,109,3672,212,429
653,1587,52153,732,24071,10659,59313
654,2986,99894,5706,190120,6934,32140
655,10860,362675,10382,346921,678,1604
656,2522,84494,13604,451004,25293,173111
657,5042,168874,27827,933632,5270,20315
658,18263,612904,292,9294,268,539
659,20983,698152,14726,491859,1283,2804
660,19144,634637,930,30358,10648,63229
661,4736,157194,4666,155845,4706,17593
662,592,19793,1232,40285,1187,2580
663,9313,309654,6415,212760,1641,3470
664,1351,43512,349,11313,18224,127505
665,4337,144621,1864,63015,1572,3308
666,10297,342448,604,20313,1255,2738
667,18876,622247,352,11546,349,807
668,6659,223848,6626,221274,1531,3291
669,6884,229863,4182,139320,6813,31116
670,194,6792,10172,338935,10495,57510
671,57289,1913588,8322,281570,2916,7805
672,202,6639,974,31560,19727,140837
673,1820,60586,221,7276,139,261
674,2229,74436,279,9612,11,15
675,10890,365322,924,31084,923,2014
676,18577,616035,200,6812,232,509
677,5627,187325,11242,374953,6975,33433
678,4543,149810,4349,143684,30725,278668
679,1607,53790,5,103,82,168
680,18544,619640,382,12723,18544,116831
681,1407,47013,11107,369441,725,1688
682,12401,413805,27183,906069,8903,48450
683,532,17855,48,1573,443,1046
684,9869,327721,1276,42765,1001,2101
685,15698,525532,23946,801028,16011,99594
686,2806,95394,2893,95594,6371,32376
687,1052,35425,1294,42625,1602,3440
688,6382,210871,13957,461166,16761,115450
689,1086,36266,15555,524505,15705,89506
690,1088,36688,64,2169,7,11
691,7020,236357,15638,526056,3741,12426
692,1482,49711,19758,657542,10639,56699
693,33342,1116409,12553,419995,1700,3591
694,750,24884,899,29302,1003,2180
695,1538,50976,718,23874,921,2013
696,19555,648158,10824,361952,640,1499
697,6686,224487,12070,400559,1289,2935
698,46917,1570026,14444,484734,1700,3674
699,1204,40390,1189,39634,10590,54137
700,2452,81044,4231,140212,1710,3624
701,3113,102968,2430,81683,21550,164050
702,2368,79768,10504,350032,10515,55195
703,9468,309506,1688,56512,1788,3799
704,2756,90854,8555,285231,7097,32249
705,10726,357193,10587,350697,517,1342
706,521,16649,212,6920,505,1199
707,981,31503,641,22053,1234,2635
708,12642,418928,4176,136457,6746,30290
709,10290,342424,632,20531,10491,55381
710,665,21701,126,4001,9,12
711,6327,210201,6452,214150,16864,121789
712,617,20519,8483,285525,2911,7508
713,14509,490469,4632,155485,1530,3364
714,2455,82539,9256,310668,28431,205529
715,9246,306998,4647,154589,6717,30538
716,1344,44673,150,5095,467,1105
717,1118,36682,10816,359580,29011,255012
718,3402,114513,13782,466752,7100,33098
719,1500,49941,375,11897,18,28
720,213,6500,714,24003,673,1512
721,10803,360033,839,28375,795,1798
722,2737,91355,14086,470265,15965,96960
723,1492,50696,745,24863,10262,60556
724,14077,472439,2413,80352,11976,77964
725,6090,201967,1297,42509,1586,3341
726,7554,252815,16306,544257,2911,7599
727,14888,499475,9699,326792,4314,15295
728,302,10013,1312,43672,22820,162200
729,6655,222811,31510,1049747,14387,100447
730,1108,36495,10675,356767,555,1318
731,3033,101861,3908,130344,2164,4716
732,3329,110601,5488,184902,5885,25297
733,9682,319702,6887,230943,17550,106121
734,1025,33664,223,7206,232,431
735,10980,368197,10972,366693,725,1704
736,1956,63946,212,7180,191,366
737,10648,349422,1167,38881,10231,59778
738,1460,49320,4207,140342,4300,15398
739,75,2324,960,32291,717,1552
740,2070,67607,975,32903,829,1780
741,12401,413434,9455,315976,9326,49203
742,61,2166,1218,40116,874,1912
743,10678,355587,10252,342886,660,1537
744,4640,155037,12377,412098,1696,3615
745,538,17792,7063,234213,9445,52040
746,2926,98549,8940,297497,11150,69704
747,6838,225575,1349,44990,1369,2917
748,9081,300801,4033,134126,1801,3759
749,3373,113514,3527,118084,12098,61054
750,6389,211583,1643,54546,6903,31086
751,6225,207021,4606,152443,1380,3026
752,2112,71140,679,22254,782,1717
753,10663,357915,10486,352598,866,1889
754,1687,56252,1196,40206,562,1392
755,7597,255087,10755,361361,3675,12502
756,6538,216978,20817,697656,12771,75338
757,1010,33599,4543,151857,6713,30934
758,26,805,941,31259,19790,120083
759,1399,46875,4656,155350,17081,111163
760,9476,315632,1459,48395,1408,3117
761,2125,71001,278,9289,369,776
762,10818,365007,561,18250,19583,155145
763,6607,220752,11733,388420,13764,90098
764,1796,58897,4642,153591,1487,3249
765,1507,49836,1085,35285,550,1308
766,2303,76349,10640,354986,10688,59897
767,2470,81470,11,384,70,131
768,5608,184187,11215,372828,3828,13337
769,264,8291,928,30843,57894,582499
770,4567,152969,1241,40997,14416,82683
771,1448,48031,187,6128,189,389
772,9784,324496,4452,148143,13201,69290
773,1351,44885,1214,42190,514,1269
774,40110,1334581,4705,157037,1870,4098
775,118,4175,146,5035,221,450
776,448,14896,2252,75978,2230,4832
777,697,23006,1078,36231,638,1537
778,854,28584,29370,971502,10476,55200
779,2073,69533,18300,609523,422,933
780,19546,655560,931,31242,1047,2285
781,14032,469133,2833,94320,2609,6334
782,508,17208,383,12696,18515,146750
783,1984,65767,734,24171,611,1405
784,1528,50927,6447,213850,4026,14482
785,273,9748,992,33121,10489,61187
786,1271,42436,867,29242,847,1871
787,37585,1256951,10396,343953,10469,59768
788,2334,78437,372,12305,398,879
789,2298,76773,6562,220715,1439,3139
790,435,14129,802,26425,1076,2377
791,1096,36912,1048,35330,772,1710
792,2336,78183,310,10638,18404,122224
793,5070,167994,16602,554077,13872,95506
794,1450,48042,218,7135,132,287
795,1276,43614,822,27501,10231,56394
796,2495,83554,515,17363,697,1682
797,1177,40015,1189,39132,706,1608
798,10414,344020,1117,37260,648,1466
799,1625,53855,10442,349261,974,2131
800,614,20366,30494,1011607,578,1417
801,1452,48814,239,7836,19079,142314
802,409,13085,189,6247,306,715
803,1761,59063,10121,334452,657,1463
804,998,32802,364,12085,246,529
805,12722,424003,1495,49488,4101,15654
806,1456,47623,265,8821,169,327
807,2060,69035,31,784,35641,310740
808,1896,62532,475,15804,330,709
809,2977,100379,11966,397742,15958,98329
810,638,21321,173,5989,119,243
811,5150,173020,3297,108938,2669,6287
812,1059,35823,71,2225,349,781
813,1466,49486,941,32021,769,1741
814,3385,113126,3743,124202,4862,17828
815,36363,1205548,23,701,86,162
816,709,23798,396,13170,120,226
817,1981,66418,6490,217646,1598,3422
818,5977,198763,3932,131836,7667,41586
819,1068,35706,9267,311905,20852,126114
820,2280,76213,892,29855,699,1677
821,457,14769,842,28013,677,1486
822,10074,338243,544,17918,920,1958
823,20723,689771,11587,386624,578,1431
824,4563,151134,21195,703996,4560,16114
825,5020,167626,7197,241427,3907,13942
826,6821,227859,1486,48605,9719,50525
827,10291,344648,1220,41675,608,1472
828,1797,59079,7,207,369,815
829,589,19582,1262,41980,10146,55794
830,12379,416884,4435,150339,1466,3260
831,10220,342360,1198,39935,553,1355
832,9070,299772,1967,65830,1248,2820
833,31606,1051705,3997,132047,21256,145290
834,9460,315497,4746,159489,1440,3142
835,3760,124631,3928,129573,5278,21079
836,2125,70389,1546,52187,26210,174627
837,2467,82725,53,1703,259,570
838,4203,142755,1783,58308,1921,4075
839,1943,65025,699,23046,1071,2221
840,3073,102274,16013,527336,8934,45548
841,875,28989,9162,308646,20376,128948
842,245,8214,513,17611,971,2103
843,1541,51596,4167,136210,4296,15387
844,12738,423317,20936,696027,26071,189312
845,2059,68239,11163,371725,806,1798
846,447,14953,1034,34259,28103,203523
847,443,14145,15088,506323,1772,3820
848,19847,657202,1095,36954,942,2048
849,6875,228381,1905,63068,1262,2807
850,11052,366329,1198,41150,993,2100
851,6319,214156,2484,82550,2415,5406
852,10485,349315,810,27158,805,1767
853,15205,507906,4382,146875,15027,99201
854,6509,218610,6616,219683,6477,29036
855,3074,103297,2498,83676,12566,73617
856,153,4754,1009,32408,591,1377
857,1533,51289,532,17169,871,1852
858,36493,1217220,286,9635,418,960
859,4165,137809,4664,155896,6770,28954
860,1377,46478,1848,59550,6635,30031
861,935,31573,725,24490,656,1560
862,1811,60096,611,20904,935,1970
863,9640,320150,15084,499008,1593,3431
864,18586,615789,356,12431,429,957
865,557,18431,4209,139462,17546,114388
866,25146,838105,6248,207320,9201,48792
867,2011,66693,469,15992,66,136
868,1501,49301,4244,140907,1788,3696
869,308,10348,2651,87028,2682,6506
870,4486,149795,9593,319191,14543,96188
871,12028,397527,1427,46984,6352,28568
872,28880,958081,10329,345472,861,1882
873,1687,56408,657,22012,632,1600
874,420,14051,319,10282,45,74
875,1187,39381,752,25059,629,1524
876,20328,669412,6833,226165,25392,179498
877,515,17388,8669,289029,2646,6398
878,781,26064,292,9273,18113,120476
879,16360,546139,12130,402805,7928,39812
880,638,20892,3015,100542,6290,31764
881,2912,97223,7091,236706,13188,74956
882,14820,491874,1571,52964,1846,3979
883,2666,89808,3586,118100,4897,17280
884,1141,37578,298,9758,374,794
885,9708,322349,4576,153640,28167,194345
886,621,20228,661,22396,10847,57588
887,2260,74032,156,4960,417,991
888,474,15906,9894,326643,37970,345347
889,1086,36471,1070,35507,10494,54766
890,4702,155650,1297,43103,20345,140285
891,2095,70777,19808,665753,1043,2236
892,1744,57902,19312,651442,657,1577
893,4436,147066,9729,324214,4074,14737
894,1739,57430,515,17887,1,0
895,37538,1254271,10305,343007,10417,54715
896,6214,207353,14273,477264,4353,15467
897,10279,344646,10799,358887,1026,2223
898,11314,372785,2096,70557,7424,36230
899,10575,356168,991,34034,1106,2332
900,12083,400714,6457,215627,1889,4000
901,2052,68634,26988,900198,3577,11284
902,17240,573706,1936,64130,1525,3259
903,444,14774,1033,34237,10764,57843
904,1030,34060,37660,1256191,1755,3723
905,10441,346124,19870,655013,11051,64590
906,589,19283,1224,40374,1193,2634
907,12441,417698,14782,494951,12785,79637
908,1238,41928,532,17634,538,1343
909,4305,145432,1479,48465,1570,3283
910,45,1639,4180,138796,1966,4228
911,750,24643,12614,420413,25387,213689
912,1334,43999,571,19844,10512,56468
913,907,30736,1672,54086,1515,3222
914,4695,159239,1895,63226,6790,31633
915,21933,724825,3731,124089,6058,27321
916,2232,74465,6402,212130,31895,219365
917,10534,350674,859,29072,944,2091
918,14675,485071,1710,57890,4735,17294
919,11083,371868,665,22107,1104,2468
920,5765,195342,13083,440356,11341,59930
921,426,14455,1554,52455,20926,160842
922,10945,365579,999,32003,10544,59699
923,185,5705,6808,230023,14373,105583
924,3011,99898,5840,196605,25098,198203
925,966,32144,420,14269,161,323
926,10866,360091,963,32206,1021,2243
927,4731,158012,14865,498287,6872,30878
928,6485,215046,28380,951006,12446,70504
929,2174,72632,1927,63362,1560,3340
930,304,10032,516,17405,136,251
931,6956,232454,4574,152436,4620,15497
932,10482,347681,939,31636,653,1514
933,1436,48085,764,25281,10698,60795
934,10426,345962,1227,39474,1221,2641
935,2445,80112,661,21587,10565,52672
936,700,22665,403,13410,480,1015
937,573,19607,195,6655,82,149
938,530,17588,19347,643388,176,378
939,1025,33369,244,8473,496,1283
940,2132,71302,1576,51636,9401,48983
941,14684,492386,1457,48479,6717,30906
942,9443,310451,2488,81836,2693,6487
943,6945,230074,4684,158153,1536,3414
944,26125,875325,9450,313748,12702,66387
945,6625,221664,1968,66148,12616,74744
946,33791,1144702,1390,46285,4646,16727
947,593,19599,1075,36062,673,1553
948,21858,727826,13139,436493,7358,33693
949,581,18922,396,12464,304,641
950,635,20699,10245,339698,1054,2146
951,6919,231442,4414,147062,12317,75890
952,4613,154766,1703,57398,1724,3630
953,9508,314668,1869,62821,12832,75218
954,1320,44476,901,29263,10511,57145
955,357,11428,26179,863106,1426,3038
956,2153,73037,1056,35028,19326,134818
957,1179,39406,275,9142,435,1073
958,1933,64373,17878,596209,1388,3078
959,1827,60301,10719,353478,662,1538
960,22845,765664,2378,79324,2537,5784
961,1627,55656,10984,364677,19958,123318
962,1438,47368,1156,39022,10060,53207
963,8905,296951,6222,206974,14120,88243
964,2052,67757,496,16428,10821,56946
965,10346,345398,10622,352061,1191,2557
966,10325,348457,597,19237,1209,2580
967,2807,93934,10045,334505,8426,46601
968,10576,350963,1025,34467,615,1478
969,2306,76263,4484,148165,24533,193077
970,18907,625083,663,21876,1187,2636
971,729,24937,40,1252,195,423
972,123,4320,637,20980,1001,2095
973,3534,117601,3727,124566,2049,4444
974,166,5766,115,4353,267,556
975,1339,44086,699,23579,1127,2366
976,2924,98387,5035,166632,3305,9544
977,12600,420863,4609,153226,21559,136911
978,722,24349,18587,625162,436,981
979,18303,610002,501,16619,115,224
980,5837,193543,5179,173089,2768,6910
981,43513,1460663,11024,368337,5586,25048
982,159,4811,512,17244,1,0
983,12362,413192,1664,55504,6815,29359
984,21335,710843,3720,122786,9789,54164
985,1276,42849,12558,420893,21230,172326
986,342,11848,667,21939,762,1687
987,5610,188252,3694,121896,11257,57928
988,10355,348260,19666,666194,905,2042
989,972,32162,965,33250,933,1994
990,7962,264412,5661,184439,3117,9041
991,7700,255580,3879,129597,2410,5337
992,1432,47479,143,4841,380,872
993,11141,373531,1032,34409,715,1702
994,1706,56453,404,12856,419,879
995,415,14421,10326,346319,999,2207
996,2000,66578,11160,374389,1106,2291
997,1817,60786,18817,628210,340,765
998,1351,45792,4559,154710,20460,139130
999,19604,650611,1255,42606,1114,2322
